text_data,predict_weight,predict_label,true_label
100 tháº±ng Ä‘Ã n Ã´ng ra Ä‘Æ°á»ng cÃ³ bá»“ k bao giá» bá» vá»£ con . . 1000 phá»¥ ná»¯ ra ngoÃ i cÃ³ bá»“ cháº¯c cháº¯n bá» chá»“ng Ä‘á»§ 1000 . Bá»Ÿi vÃ¬ Ä‘Ã n Ã´ng ra Ä‘Æ°á»ng mÃ©o cÃ³ gáº·p dc Ä‘á»©a nÃ o tá»‘t hÆ¡n con vá»£ o nhÃ  . CÃ²n phá»¥ ná»¯ ra Ä‘Æ°á»ng cáº£ Ä‘á»‘ng tháº±ng tá»‘t gáº¥p 10lan tháº±ng chá»“ng o nhÃ  . . Phá»¥ ná»¯ cÃ³ xinh cÃ³ Ä‘áº¹p cÃ³ hiá»n ngoan hay k lÃ  do á»Ÿ tháº±ng Ä‘Ã n Ã´ng ! ! . Nguá»“n : coppy <URL>,[9.9699358e-03 4.6220694e-07 1.7671249e-05],0,1
Äcm . NÃ³ láº¡i khá»›p vl Danh Hoang,[9.9584681e-01 2.9557645e-03 3.8735039e-04],0,1
KhÃ¹ng . :v,[0.5621893  0.01734554 0.00373411],0,1
Tháº±ng chá»§ tus tranh luáº­n tá» ra hiá»ƒu biáº¿t . NhÆ°ng thá»±c cháº¥t cháº£ biáº¿t Ä‘áº§u cu gÃ¬ . PhÃ¢n tÃ­ch nguy hiá»ƒm vl,[1.4498504e-01 5.4076254e-06 3.8574672e-05],0,2
Ngá»c NgÃ¢n lÃ m Ä‘Ä© cx p cÃ³ há»c . toÃ¡n Ä‘á»ƒ tÃ­nh tiá»n Ä‘i khÃ¡ch . hoÃ¡ Ä‘á»ƒ xem khÃ¡ch cÃ³ dÃ¹ng cháº¥t hoÃ¡ há»c k . há»c vÄƒn Ä‘á»ƒ gá»i khÃ¡ch =),[0.9943832  0.00593771 0.07393925],0,2
NgÃ¢n TÃ½t lÃ¡o láº¿u vl,[0.9932954  0.98119926 0.9622191 ],0,1
Muá»‘n giáº¿t ny nÃ³ vl ğŸ˜‘,[0.999551   0.990238   0.06810474],0,1
Nháº¯m máº¥y em xinh xinh mÃ  chá»¥p anh chá»‹ áº¡ ! Máº¥y bÃ  Ä‘Ã³ cÃ³ tiá»n mua trÃ  sá»¯a check in chanh sáº£ ! . Chá»© lÃ m Ã©o cÃ³ tiá»ƒn mua thuá»‘c trá»‹ bá»‡nh Ã³c chÃ³,[9.9993217e-01 1.0496542e-04 3.6507074e-05],0,2
mÃ y Ä‘á»¥ tao muá»‘n nÃ­n thá»Ÿ luÃ´n . dkm nÃ³a vl,[0.16865772 0.22404072 0.60435826],2,1
ThÄƒng cho nay phat biÃªu ngu vl,[0.89795727 0.05901479 0.02640031],0,1
Chá»‹ch xong r Ä‘i á»‰a hp vl,[0.38815764 0.09080914 0.01707774],0,1
Ngá»c Hoa hung nhÆ° chÃ³ máº¡ chá»› Ä‘Ã³ mÃ  kh hung,[0.99332047 0.32637507 0.518505  ],0,1
Muá»‘n chá»­i tá»¥c qua . tá»©c vl,[0.4770386  0.04081635 0.00601032],0,2
"Bá» cÃ¡i táº­t tháº¥y Ä‘iá»‡n thoáº¡i chá»‹ mÃ y lÃ  Ä‘Ã¨ ra hÃ£m hiáº¿p Ä‘i nha con kia , Ãºp cho mÃ y dá»«a . . . . Äiá»‡n thoáº¡i chá»‹ má»Ÿ lÃªn toÃ n máº·t mÃ y ko ğŸ˜‘ ğŸ˜‘ ğŸ˜‘ yÃªu nghiá»‡t . . . Báº£o Ngá»c is with Thá»‘ TiÃªu . <URL> ?",[9.9406058e-01 4.2176561e-04 1.9582457e-04],0,2
Phan Hoa nghe cÃ¡ch trai tháº³ng dáº¡y tÃ¡n trai nÃ¨,[0.13702068 0.05463063 0.25751942],2,0
:) chÃ¡n bá»n tÃ u vl,[0.04853946 0.02712568 0.1601293 ],2,0
ÄÃºng lÃ cha máº¹ ngu Ä‘áº» con ngu luÃ´n,[0.29831836 0.30691937 0.17756751],1,2
á»¦a lá»«a cÃ²n cm lÃ m chi v loáº¡i tháº¥t Ä‘á»©c má»›i lá»«a nhÃ© ib chÆ¡i chÆ¡i Ã¡ bÃ  ráº£nh hÃ¡ng quÃ¡ mÃ  Ä‘á»i láº¯m Ä‘á»©a thá»‘i má»“m nghen,[0.9834804  0.05169901 0.4822072 ],0,2
"hÃ ng vá» bá»• sung , . sá»¥c Ä‘i mÆ°a , sá»¥c ná»™i nÆ°á»›c . giÃ¡ ráº» tá»¥t lol <URL>",[0.51452863 0.0148237  0.00097377],0,1
Chá»© Ä‘Ã³ng tiá»ƒu xÃ¢y dá»±ng trÆ°á»ng ai Ä‘Ã³ng mÃ y ? ChÃºng mÃ y nÃ³i ngu tháº¿ ?,[0.01831408 0.00210908 0.00570035],0,2
cÃ´ dÃ¢u xáº¥u cháº¿t máº¹ . . bÃ y Ä‘áº·t tiá»ƒu thÆ° danh giÃ¡ dm . cháº£ láº½ sÃ´ng phi vÃ o máº·t cháº¿t cmm <URL> TÊœÃ¡i ÆŒá»™ â€˜bÃ¡nh bao háº¥p nÆ°á»›câ€™ cá»§a cÃ´ dÃ¢u trong lá»… cÆ°á»›i gÓ“y á´›rÎ±nh cÓ“i : Tráº£ hÃ ng vá» nÆ¡i sáº£n xuáº¥t gáº¥Ï ! . Khi chÃº rá»ƒ Ä‘ang â€˜ná»±ngâ€™ mÃ¡ hÃ´n cÃ´ dÃ¢u thÃ¬ cÃ´ Ä‘Ã¡p láº¡i báº±ng gÆ°Æ¡ng,[0.82731366 0.2971147  0.23798911],0,2
ChÃº CÃ³ ChÆ¡i Äá»“ KHÃ”NG mÃ  NC ngÃO nGÃ¡o Váº­y :D Thanh Tan Nguyen is feeling determined .,[9.9986100e-01 2.0754937e-04 3.1959912e-04],0,1
Ngy t Ä‘i vá»›i t cÃ²n Ä‘Ã©o máº·c Ã¡o lÃ³t cÆ¡ =) bÃ¢y h thÃ nh cÅ© cmnr :(,[0.95306975 0.20556311 0.0121758 ],0,1
CÃ³ cl áº¥y tin ngÆ°á»i vl,[0.74594206 0.3093408  0.17150995],0,1
Há»c Ä‘ máº¹ . KhÃ³ vl .,[0.9958396  0.6835575  0.59310114],0,1
VÅ© Ä‘áº¡o tÃ©t mÃ´ng :),[0.99915135 0.9773512  0.66172564],0,1
"Äáº¥t nÆ°á»›c 90 triá»‡u dÃ¢n - kg cÃ³ ngÆ°á»i tÃ i sao pháº£i dá»a trung quá»‘c vÃ o , Ä‘Ãºng lÃ  lÅ© ngu lÃ£nh Ä‘áº¡o - lÃ m Ä‘Ã£ ngu mÃ  nÃ³i cÃ²n ngu hÆ¡n",[0.01422673 0.00107254 0.01165763],0,2
Vl pháº¿ váº­t :),[0.84719336 0.0230729  0.00680949],0,1
Tráº§n ThiÃªn Tá»­ tháº±ng nÃ o sl sl lÃ  Ä‘m báº­t nháº¹ lÃªn,[0.00030176 0.00027121 0.00019644],0,2
Hiá»ƒu Nghi nhÃ¬n cÃ¡i muá»‘n Ä‘áº» vl,[0.80945593 0.13579904 0.04247861],0,1
Minh Cadillac fan barca ko cÃ³ loáº¡i ngu nhÆ° mÃ y . CÃºt,[0.99209046 0.08639136 0.00829656],0,2
Tao trÃ¢n trá»ng nháº¯c láº¡i . ÄÃ¢y khÃ´ng pháº£i lÃ  quÃ  sanh nhá»±t . ÄÃ¢y lÃ  thá»© bá»‹t miá»‡ng mÃ y Ä‘á»ƒ mÃ y khá»i lÃ¨o nhÃ¨o má»—i khi tao váº½ . =) . P . s : idea cover from an artist . Äan Háº¡ is with Na Na . <URL> ?,[1.5735342e-01 2.7853750e-07 6.5583237e-08],0,1
PhÃ¡t ÄÃ o binh Ä‘á»‹nh ngu vl,[0.92932636 0.00470232 0.00719363],0,2
"ThÃ nh láº­p 1 nhÃ³m Ä‘Æ°a ace vÃ o bá» táº¡i fb . Chá»‰ vÃ o tk vÃ  k cÃ³ mua bÃ¡n j táº¡i nhÃ³m . ÄÃºng 18h05 sáº½ chá»‘t sá»‘ . K yÃªu cáº§u Ä‘Äƒg nháº­p link , k yÃªu cáº§u phÃ­ . Ai muá»‘n vÃ o nhÃ³m inbox Ä‘á»ƒ Ä‘k thÃªm vÃ o nhÃ³m . HÃ³ng thÃ¬ cÃºt vÃ  Äƒn trá»©g cÃºt Ä‘á»ƒ Ä‘k cÃºt",[9.9995327e-01 3.0537332e-05 6.1702813e-06],0,1
RÃ¬ sá»t nÃ³ cÅ©ng ra gÃ¬ vl - _ -,[0.9027822  0.09081888 0.05520967],0,1
CÃ³ ná»¥ cÆ°á»i toáº£ sÃ¡ng vÄ‘ :) táº¡i sao bá»‘ Ä‘â€™ cÃ³ mÃ  nÃ³ cÃ³ vÃ´ lÃ­,[0.9939036  0.03416708 0.0043307 ],0,1
Trend nhiá»u nháº¡t vl,[0.41735297 0.03694881 0.00801277],0,1
Äá»ƒ tao coi thang lon Ä‘Ã³ thuong may co nÃ o . Äau cá»§a may chua oc cho hay gÃ¬ ma ngu dan ngu Ä‘on vay,[6.9264746e-01 1.8899898e-05 2.2794917e-04],0,2
Thá» vs ae rep comment máº¥y Ä‘á»©a gÃ¡y sá»›m háº¥p dáº«n vl,[9.6699655e-01 2.6881994e-06 2.7094561e-07],0,1
Biáº¿n kÃ©m vl :),[0.5272784  0.20677307 0.02351072],0,1
Nguyá»…n Kháº¯c ThÃ nh dkm . =),[0.9543946  0.02306007 0.00352952],0,1
HÃ  Monn ğŸ™‚ Ã´i sá»£ vl . . . .,[0.9987068  0.9493274  0.79728395],0,1
Vn hoÃ¡ thÃ nh con rá»“ng lá»™n Ã  ? . Äm cho dÃ¢n Äƒn bÃ¡nh váº½ máº¥y chá»¥c nÄƒm mÃ  cá»© váº½ hoÃ i . ChÃºng mÃ y bÃ n sao cho vÆ¡ vÃ©t cÃ ng nhanh cÃ ng tá»‘t Ä‘á»ƒ chuá»“n qua Má»¹ thÃ¬ cÃ²n nghe Ä‘c . Äm lÅ© chÃ³ lá»£n !,[1.4551458e-09 5.6521511e-01 2.2161874e-01],1,2
"K Ä‘á»“ng Ã½ thÃ¬ Ä‘á»«ng cÆ°á»›i cÃ²n Ä‘Ã£ xd cÆ°á»›i thÃ¬ pháº£i yÃªu thÆ°Æ¡ng nhau , sá»­ xá»± nhÆ° váº­y bá»‹ Äƒn Ä‘áº¥m Ä‘Ã¡ng Ä‘á»i tá»™i ngu",[8.1958174e-04 3.1802185e-05 9.9552744e-07],0,1
buá»“n á»‰a vl :),[0.99073887 0.9927757  0.88706356],1,0
Nguyá»…n Äá»©c Chung d m cÃºt cÃºt,[2.2129100e-04 9.9171656e-01 9.9978501e-01],2,1
Nguyá»…n Nam Anh Äm dá»—i vl =),[0.00037605 0.03533534 0.082647  ],2,1
. . . tháº¥y nhÆ° phá»¥ khoa áº¥y . Dá»‹ vl ! !,[9.9953866e-01 1.2684815e-01 1.9482948e-04],0,2
Äáº» con m cÅ©ng Ä‘áº» há»™ vá»£ Ã  tháº±ng cÃ¹ loi :) . Xáº¡o chÃ³ xáº¡o chÃ³ :),[0.35572973 0.01821306 0.15920338],0,2
"VÃ­ dá»¥ Chá»“ng tao lÃºc yÃªu cÃ²n cho tao Ä‘i Äƒn BBQ chá»© thá»‹t Ä‘c tao rá»“i thÃ¬ tao rá»§ chá»“ng Ä‘i Äƒn BBQ thÃ¬ nÃ³ sáº½ tráº£ lá»i lÃ  "" "" ÄÃ‰O "" "" . KhÃ´ng ká»ƒ nhÆ°ngx lÃºc tao cÃ³ lÆ¡x má»“m n cÃ²n cho k trÆ°Æ¡tj phÃ¡t nÃ o . Äan Ã´ng Ä‘Ã n bÃ  , Ä‘Ã n nÃ o cháº³ng lÃ  Ä‘Ã n .",[8.6701654e-02 3.9842325e-05 4.4336572e-04],0,2
Tráº§n KhÃ¡nh VÃ¢n clm :) cÆ°á»i vl,[0.62330645 0.3571175  0.00682652],0,1
Miá»‡ng tao nÃ¨ ğŸ™‚ Ä‘ biáº¿t nÃªn vui hay buá»“n Bong Kim,[0.76471734 0.73024815 0.81742233],2,1
"Tráº§n CÃ´ng Nháº­t ChÃº mÃ y Ä‘Ã©o biáº¿t Ä‘Ã¹a Ã  , nghiÃªm tÃºc vÃ£i lol :)",[1.4837927e-08 4.3731438e-06 1.0192135e-03],2,1
Chá»­i Ä‘Ãºng vc . Dá»—i dá»—i qq ai ráº£nh Ä‘i dá»— quÃ i ba,[1.02743665e-02 4.58631221e-05 8.65773764e-05],0,2
ngu vl :v,[0.9240113  0.4762271  0.17833808],0,1
Máº¥y Ä‘á»©a sÃºc váº­t hay Äƒn thá»‹t Ä‘á»“ng loáº¡i SÆ° Tá»­ <URL> LÃ¢m . Xin má»i ngÆ°á»i Ä‘á»«ng Äƒn thá»‹t chÃ³ ğŸ˜” . # Danongbui,[9.165419e-01 9.981876e-04 3.334399e-04],0,1
Táº¥t nhiÃªn lÃ  cá»§a ng tao thÆ°Æ¡ng r há»i ngu vkl :),[0.9954691  0.7638354  0.85168135],0,1
"Hiep Nguyen <URL> TÃ¢m . NGHE Máº®C á»ŠA . . ğŸ‘‰ Tháº¿ cÄƒn nhÃ  240 Pasteur , Tp . HCM cho thuÃª 418 . 000 . 000vnd / thÃ¡ng lÃ  ai hy sinh cho ai ? . ğŸ‘‰ Tháº¿ 64 chiáº¿n sÄ© Gáº¡c Ma vÃ¬ ai mÃ  cháº¿t . ğŸ‘‰ Tháº¿ tháº±ng nÃ o sau cuá»™c chiáº¿n tranh BiÃªn Giá»›i vÃ  Gáº¡c Ma 1 nÄƒm sau liá»n cháº¡y qua liáº¿m cá»©t tháº±ng Trung cá»™ng Ä‘á»ƒ cáº§u Ä‘Æ°á»£c ban giao . ğŸ‘‰ Tháº¿ tháº±ng nÃ o lá»™ng ngÃ´n nÃ³i Ä‘á»‹ch báº¯n 1 má»™t viÃªn Ä‘áº¡n ta báº¯n láº¡i báº±ng há»¯u nghá»‹ vv . . . ğŸ‘‰ TAY NHUá»M Äáº¦Y MÃU Äá»’NG BÃ€O MÃ Má»’M Cá»¨ Ä‚NG áº²NG NHÆ¯ LÅ¨ CHÃ“ HOANG NGHE Máº®C á»ŠA",[9.8309290e-01 4.4021958e-06 2.3270815e-05],0,2
Do sÃºc sinh Sao sÃ©t kg danh cho may cháº¿t trÆ°á»›c me may di,[0.38453734 0.00147322 0.00892928],0,2
"Tháº¿ máº¥y chÃº tÆ°á»Ÿng VN dá»… Äƒn láº¯m akkk , vÃª Han phau thuat lam gai het di",[0.9912896  0.02996495 0.11793876],0,2
"Dm , dá»Ÿ hÆ¡i vl - . -",[0.9980451  0.97086143 0.48309076],0,1
Nguyá»…n Thiá»‡u m sáº¯p thÃ nh fans cá»©ng oy,[0.9578602  0.9259039  0.97810376],2,0
Háº£o Huynh vcl :),[0.02695864 0.06289356 0.04161557],1,0
Äm cáº£ há» cáº£ nhÃ  ngang ngÆ°á»£c vl,[0.81872326 0.2418673  0.06878201],0,2
Báº£o TrÃ¢m mÃ© t thÃ¹ cÃ¢u nÃ y kinh . Ãm áº£nh vl,[0.00244615 0.00433393 0.04543067],2,0
Nguyá»…n HoÃ ng Trá»ng Ä‘á»‰ Ä‘Ã¹ Ä‘á»¥ Ã©o kÃ©o rank lol,[2.5942876e-05 2.5091205e-02 1.3989899e-02],1,2
"Park Ji Huyn Cay vl , Ä‘á»‹t",[0.7512772  0.07649761 0.0241044 ],0,1
Táº¡i sao tao láº¡i Ä‘Ã©l cÃ³ . Báº¥t cÃ´ng vl,[4.4284621e-03 4.7268704e-04 7.1905990e-05],0,1
Hiá»n MÅ©m gáº¯t vl,[0.6275949  0.00480278 0.00140568],0,2
NgÆ°á»i Ta lá»›p 10 4 vá»£ 5 con . MÃ¬nh thÃ¬ Ä‘Ã©o máº£nh tÃ¬nh nÃ o :) <URL>,[0.72432154 0.01567592 0.06138514],0,1
"Thu HÃ  <URL> KhÃºc ThÃ¡i . Bá»n trá»™m cáº¯p gá»— cá»±c ká»³ tinh vi , nhiá»u táº§ng nhiá»u lá»›p vÃ  vÃ´ cÃ¹ng liá»u lÄ©nh .",[0.99812716 0.00695965 0.01756831],0,2
KhÃ´ng biáº¿t gÃ¬ nhÆ°ng váº«n thÃ­ch phÃ¡n nhÆ° tháº§n . Láº¡ loz gke gom di dok :),[0.985129   0.70817465 0.04946462],0,1
cáº¡nh nhÃ  mÃ¬nh cÃ³ Ã´ng vá»£ Ä‘Ã©o cho hÃºt thuá»‘c xong há»c áº£o thuáº­t Ä‘á»ƒ Ä‘c hÃºt . . . Ä‘áº¥y lÃ  Ã´ng hÃ ng xÃ³m nhÃ  mk cÃ²n Ã´ng lÃ y thÃ¬ mÃ¬nh Ä‘Ã©o biáº¿t,[9.4326895e-01 8.6267755e-05 3.2676016e-03],0,2
cáº£m giÃ¡c thá»‘i vl - _ -,[0.99389184 0.8984498  0.49421525],0,1
"ThÃ nh Nguyá»…n Ä‘Ã©o Ä‘au , hoÃ¡ Ä‘Ã¡ rá»“i :)",[6.9933965e-05 3.8023332e-01 9.5334560e-01],2,0
MÃ£ cha bá»n y táº¿ dá»± phÃ²ng,[0.9719106  0.21562095 0.46302822],0,2
"ThÃ¢n gá»­i c Facebook meo meo hay mÃ©o mÃ©o j Ä‘áº¥y ! ! ! Cháº¯c c ráº£nh quÃ¡ Ä‘áº·t hÃ ng cho vui xong bom hÃ ng báº­n rá»™n háº£ ? . Má»‡t má»i vá»›i c quÃ¡ , khá»• cáº£ con bÃ¡n hÃ ng mÃ  khá»• cáº£ ngta Ä‘i ship cho c 5 , 6l ko Ä‘c . ChÃ o thÃ¢n Ã¡i quyáº¿t tháº¯ng , mong ko gáº·p láº¡i c ! . ThÃ¢n <URL>",[0.94963497 0.02818741 0.52019376],0,2
Nguyá»…n Thanh NhÃ n mÃ y cÃ³ tháº¥y Ä‘oáº¡n nÃ o tao nÃ³i tao táº­p k . Ngá»©a má»“m nÃ³i Ã ,[0.952319   0.05328498 0.04692313],0,2
"ThÃ¹y Trang Ä‘á»‡ch , ngá»©a Ä‘Ã²n vl",[0.99163073 0.96737593 0.8324284 ],0,1
Dá»—i vl ğŸ˜‘ ğŸ˜‘,[0.7871241  0.06754468 0.00407063],0,1
Äcm cÃ¡u vl haha,[0.01209959 0.40877265 0.43574533],2,1
Thá»© ngu dá»‘t . NhÆ¡ nhuá»‘t cho máº¥y tháº±ng giÃ  náº£o chÃ³,[0.99383706 0.24745472 0.6544281 ],0,2
Ã‰o Ä‘c 10 . . . cay vl,[0.12947054 0.32693145 0.10795436],1,0
Alicia Ng quÃ½ loz nÃ o báº±ng Ä‘Æ°á»£c kim cÆ°Æ¡ng,[0.41250697 0.01744072 0.01596864],0,2
Sau khÃ´ng mua Bcs nhÄ© tháº±ng náº§y ngu vl,[0.96107316 0.64535385 0.55728185],0,1
"=) sá»± tháº­t lÃ  t vá»›i nÃ ng cÃ³ 1 má»‘i tÃ¬nh Ä‘áº¹p láº¯m . yÃªu nhau 2 tuáº§n , cuá»‘i cÃ¹ng chia tay cÅ©ng chá»‰ vÃ¬ tao báº­n Ä‘i nháº·t thÃ­nh trong khi nang Ä‘ang bá»‹ tháº±ng khÃ¡c báº¯n sml mÃ  Ä‘Ã©o ai cá»©u .",[7.675851e-05 1.365804e-01 1.419547e-01],2,1
LÃ m thá»‹t chá»© lÃ m cÃ¡i lol gÃ¬ ná»¯a . Há»i ngu vkl,[0.9960103  0.7416081  0.93270886],0,1
TrÃ­ Phan vÃ¢ng cÃ¡i gÃ¬ t Äƒn Ä‘c mÃ  m cháº£ Äƒn Ä‘c tháº±ng lol,[0.87800753 0.13459162 0.24224849],0,1
Tao tháº¥y mÃ y xanh vÃ  tao Ã©o thÃ­ch mÃ y nhÃ© !,[0.9982223  0.49582    0.65996176],0,2
quÃ¢n ngu há»i thá»«a vl,[0.07009239 0.00322453 0.00085612],0,2
Tháº¿ mÃ  tao báº£o tháº¿ máº¥y page lia cá»© cÃ£i láº¡i t . Oc vl,[0.99895084 0.04112402 0.0361345 ],0,1
Äá»‘t Tháº±ng NhÃ  QuÃª <URL> Tráº§n . TÃN ÄÃ‰O Äá»” . . . Bá» Äá»T Máº¸ NÃ“ NHÃ€,[0.7115686  0.0077477  0.00111413],0,2
Má»¥c Ä‘Ã­ch sá»‘ng lÃ  Ä‘á»ƒ lÃ m hÃ i lÃ²ng báº£n thÃ¢n chá»© Ä‘Ã©o pháº£i sá»‘ng cho vá»«a lÃ²ng thiÃªn háº¡ ! . # Äuá»‘i ! ğŸ˜© ğŸ˜© <URL>,[0.04440811 0.00229833 0.00924168],0,1
vÃ¬ mÃ y xáº¥u há»i ngá»§ vl,[0.3640002  0.00867433 0.00393327],0,1
"Tháº£o Vy máº¹ , nch ngu vl",[0.99000335 0.61610466 0.22913899],0,1
Ã”ng SÆ¡n Pháº¡m Ngá»c quÃª vl,[0.5063776  0.14428024 0.56622386],2,0
"ÄÃ n Ã´ng Ä‘áº­p Ä‘á»“ lÃ  Ä‘Ã n Ã´ng tháº¥p hÃ¨n , lÃ  má»™t tháº±ng Ä‘Ã n Ã´ng ngu",[0.12360161 0.00303138 0.00840606],0,2
Tháº±ng nÃ y pháº¡m tá»™i giáº¿t ngÆ°á»i tá»­ hÃ¬nh nÃ³ di,[0.4554165  0.09788153 0.22683194],0,2
deo hieu kieu gi =) chim muong vl :( ca ngay chi an vs di cmt dao ma,[0.9991516  0.38026565 0.6414786 ],0,1
Bá»n Ä‘Ã n Ã´ng Ã­ch ká»‰ vl,[0.86268127 0.35468176 0.02514276],0,2
LÆ°á»£ng Ronaldo t nÃ³i phÃ©t thÃ´i tin ngÆ°á»i vl,[0.7587217  0.17067362 0.25414768],0,1
IvanDac Thinh @ @ dm giá»‘ng vl thá»,[0.80097085 0.583786   0.18159774],0,1
Nguyá»…n NguyÃªn k cÃ³ ny cay cÃº Ã  . ğŸ˜‚ ğŸ˜‚ ğŸ˜‚ tá»™i vl,[9.999745e-01 7.437535e-04 3.870017e-06],0,1
3 cÃ¡i link 360p thÃ¬ nÃ©m cmn Ä‘i . Ko cÃ³ link 720 hay 1080 thÃ¬ Ä‘á»«ng xl,[0.03851064 0.26569012 0.29353532],2,0
Nghiá»‡t sÃºc vl :),[0.9807371  0.22667436 0.01761059],0,1
CÃ´ng Nguyá»…n yÃªu vÃ o ngu vl,[0.18766053 0.05751028 0.04078382],0,1
Tb cÃ²n Ä‘ell Ä‘c . ngu vl,[0.01623942 0.03683307 0.01502347],1,2
Äm =) Nguyá»…n Quá»³nh Anh <URL> G - Dragon Vietnam Fanpage . NÃ³ láº¡i há»£p lÃ­ ná»¯a rá»“i =) . . Idea : PhÃºc LÃª . Credit : G - Dragon Vietnam Fanpage . # XN,[0.00665019 0.00014337 0.00088117],0,1
Doan Viet Hung k lÃ m muá»‘n Äƒn . . Láº¥y Ä‘Ã¢u ra bÃ¡c . . GiÃ  rá»“i yÃªn á»•n tá»§i giÃ  Ä‘i . . Ä‘á»ƒ tráº» con chá»­i ngu,[0.99765813 0.00491164 0.04201539],0,1
"TrÃªn Ä‘á»i nÃ y ko cÃ³ gÃ¬ tá»± nhiÃªn , chá»‰ cÃ³ nhá»¯ng ng cá»‘ tÃ¬nh thay Ä‘á»•i sá»± tháº­t thÃ´i . NgÆ°á»i dÃ¢n ko ai ngu Ä‘Ã¢u",[9.1273808e-01 1.7800539e-05 5.1360253e-06],0,2
GhÃ©t tao háº£ ? á»ªm ká»‡ máº¹ mÃ y lÃ m loz gÃ¬ tao ( ( :,[0.94800556 0.05165479 0.00433802],0,2
Ad nÃ³i ngu vl,[0.00819318 0.04106743 0.03677836],1,2
Äá»ƒ xem nÃ³ cÃ³ cháº¿t vÃ¬ bá»‡nh hiá»ƒm nghÃ¨o khg ?,[9.2437071e-01 2.3690476e-03 1.0367235e-04],0,2
Niá»m vui lÃ  khi báº¡n áº¿ vÃ  tháº±ng báº¡n báº¡n cÅ©ng tháº¿ . . Ã€ mÃ  Ä‘Ã©o ğŸ˜ ğŸ˜ ğŸ˜ Nguyá»…n Äá»©c Thiá»‡n is with Quá»³nh LiÃªn . <URL> Photos from Nguyá»…n Äá»©c Thiá»‡n ' s post,[0.03340347 0.00504349 0.00766193],0,1
1 tháº±ng bÃ³ng . 1 con jet . 1 tháº±ng kháº¯m . 1 con chÃ³ . 1 tháº±ng tÃ¨o . 1 tháº±ng ngÃ¡o,[0.10301019 0.12135176 0.06016148],1,2
Äá»‹t máº¹ chÃºng mÃ y thÃ­ch chÃªu chá»­i ak . Ä‘á»‹t máº¹ chÃºg mÃ y Äƒn gÃ¬ mÃ  ngu z <URL>,[0.01658446 0.96585333 0.9368786 ],1,2
Cáº£ cÃ¡i xÃ£ há»™i n sáº½ chá»­i sÃºc váº­t Tháº£o Bi shared a post . <URL> LÃ£ Háº£i Anh . ÄÃ©o cÃ³ gÃ¬ lÃ  mÃ£i mÃ£i . Äá»i nÃ y lÃ m Ä‘Ã©o cÃ³ tÃ¬nh yÃªu vÄ©nh cá»­u . 1 láº§n lÃ  nhá»¡ tay nÃ³ng giáº­n . 2 láº§n lÃ  thÃ³i quen . 3 láº§n trá»Ÿ lÃªn nÃ³ thuá»™c vá» báº£n cháº¥t . TÃ´i sá»£ con ngÆ°á»i anh . Váº» ngoÃ i Ä‘áº¡o máº¡o nho nhÃ£ áº¥y . NhÆ°ng khi á»Ÿ nhÃ  anh lÃ  1 con thÃº Ä‘á»™c Ã¡c tÃ n nháº«n khÃ´ng chÃºt tÃ¬nh ngÆ°á»i . Nhá»¯ng lá»i anh buÃ´ng ra . Nhá»¯ng tráº­n Ä‘Ã²n cá»§a anh . CÃ³ cháº¿t tÃ´i cÅ©ng ko bao h quÃªn . ÄÃ n Ã´ng kÃ©m cá»i ko Ä‘Ã¡ng trÃ¡ch . NhÆ°ng Ä‘Ã£ báº¥t tÃ i láº¡i cÃ²n vÅ© phu bá»™i báº¡c thÃ¬ anh khÃ´ng bh xá»©ng Ä‘Ã¡ng lÃ  1 tháº±ng Ä‘Ã n Ã´ng,[0.1353059  0.0032567  0.03921707],0,2
LÃª Huá»³nh Lá»™c Ä‘jtconme t cÆ°á»i Ä‘au bá»¥ng vl,[0.94370615 0.08156922 0.01640127],0,1
Kim Loan m vui Ä‘i tao Ä‘áº¡p m trÃº m chá»­i thá» nÃ¨,[0.85729283 0.21325107 0.03827627],0,1
HoÃ ng ThÆ°á»Ÿng uh m tá»Ÿm vl,[0.13387698 0.00950267 0.00913054],0,1
ÄÃ´ Váº­t HD mÃ y sá»§a j tháº¿ cÃ³ ngon vá» chá»­i ba mÃ¡ mÃ y kÃ¬a tÆ°á»Ÿng ad muá»‘n chá»­i ai thÃ¬ chá»­i ak con chÃ³,[2.2571888e-03 1.1891767e-06 3.3651924e-04],0,2
Váº¿u cÄƒng vl ğŸ˜ª,[0.57038593 0.01687852 0.02191934],0,1
giáº£i nÃ y cÆ¡ cáº¥u láº¡ lÃ²n vl,[3.3237547e-01 1.1859055e-03 2.0747636e-04],0,1
Há»c viá»‡n Äƒn hÃ ng á»Ÿ khÃ´ng :) clm Äƒn cÆ¡m nhÃ  tÃ­nh chuyá»‡n vÅ© trá»¥ nÃ¨ . Biáº¿t cc gÃ¬ Ä‘Ã¢u mÃ  nÃ³i Ä‘á»ƒ ngta chá»­i ngu,[0.6708617  0.00283765 0.0034859 ],0,2
MÃ¡ PhÃ­nh ghÃª vl,[0.7260791  0.0460491  0.00177952],0,1
Äm nÃ³ Ä‘Ãºng lÃ  vl,[0.40131357 0.07150682 0.0022092 ],0,1
MÃ­t Äá»t hÃ¢m giá»‘ng mÃ y vl,[0.31623784 0.10111401 0.03062173],0,1
CÃ¡i Ä‘Ã©o gÃ¬ mÃ  sáº¿n vl :),[0.2291661  0.16121261 0.05077532],0,1
Tao chá»­i mÃ y vÃ¬ mÃ y ngu vÃ  quÃ¡ lÃ  trá»i ngu Ä‘i Ä‘áº¥y Ä‘á»c hiá»ƒu ko ğŸ¤£ . ChÃ­nh do mÃ y chá»­i ngÆ°á»i ta chÆ°á»›c má»›i bá»‹ chá»­i Ä‘áº¥y tháº±ng ngu,[0.47182757 0.49630225 0.3785988 ],1,2
"Káº¿t thÃºc chuyáº¿n nghÄ© dÆ°á»¡ng cÃ¹ng cty Ä‘áº§y cáº£m xÃºc . cÃ¡i káº¿t . . chÆ¡i team bá»‹ Ä‘Ã¨ sáº¥p máº·t , bá»‹ bÃ³p muá»‘n nÃ¡t . . . Tá» rim . . . . Bá»‹ cháº¥n thÆ°Æ¡ng lÆ°ng vÃ o cuá»‘i cÃ¹ng . . . sáº¯p cÃ³ Ä‘t má»›i . . . . P / s : háº­n Ä‘á»©a nÃ o Ä‘áº©y Ã´ng xuá»‘ng há»“ bÆ¡i Nguyá»…n Vy Há»¯u PhÃºc is with Nguyá»…n Thá»§y at Champa Resort & Spa - Phan Thiet . <URL> ? Photos from Nguyá»…n Vy Há»¯u PhÃºc ' s post",[0.9971666  0.22375803 0.07650507],0,1
"Con Ä‘iÃªn , con Ã³c chÃ³ , con chÃ³ , con lá»£n , con bÃ² . . . : >",[0.97754306 0.99982893 0.997152  ],1,2
Tá»› nÃ³i tháº­t vá»›i cÃ¡c báº¡n nha . . . Láº§n Ä‘áº§u lÃ m chuyá»‡n áº¥y nÃ¬ . NgÆ°á»i chá»¥p cÃ³ tÃ¢m vÃ£i ^^ <URL> ?,[0.9827906  0.01606281 0.01725836],0,1
"Phuong Quyet tháº¿ váº«n mÃ©o ai yÃªu , tá»™i vl =)",[9.3532175e-01 2.1032507e-03 5.7380612e-04],0,1
á»¦a m Ã´ng cá»‘ ná»™i ngta háº£ mÃ  k cho coi . TrÆ°á»ng giang dáº«n ct nhÆ° cá»©t . Ä‚n nÃ³i vÃ´ duyÃªn . Suá»‘t ngÃ y mÃ³c mÃ©o Ä‘Ã¡ xoÃ¡y ng khÃ¡c . ChÃ£ cÃ³ kiáº¿n thá»©c chuyÃªn mÃ´n cmg . BÃ¢y h cÃ²n cháº£ thÃ¨m diá»…n hÃ i mÃ  lÃ m mc luÃ´n máº·c dÃ¹ nc vÃ´ duyÃªn vcl ra,[9.4955218e-01 4.3290875e-05 1.0220527e-05],0,2
"Háº£i PhÃ²ng lÃ  Ä‘Ã©o thÃ­ch lÃ²ng vÃ²ng nhe ğŸ˜ ğŸ˜ ğŸ˜ Tita ÄÃ¬nh <URL> NGÆ¯á»œI SÄ‚N TIN ÄEN . Háº£i PhÃ²ng thÃ¬ Ä‘á»«ng há»i nhÃ© : . . Anh Æ¡i ! CÃ³ gÃ¬ thÃ¬ tá»« tá»« thÃ´i anh Æ¡i . . . ! ğŸ˜” ğŸ˜­ ğŸ˜­ ğŸ˜­ khá»• thÃ¢n quÃ¡ ğŸ˜­ ğŸ˜­ . . P / S : Vá»¥ viá»‡c diá»…n ra lÃºc 15 giá» ngÃ y 4 . 5 , táº¡i ngÃµ HoÃ ng QuÃ½ ( Q . LÃª ChÃ¢n , TP . Háº£i PhÃ²ng .",[3.2015292e-03 1.9045496e-05 2.4393173e-06],0,1
"Yeu r thi quat luÃ´n chu bá» j , gt di",[0.9999943 0.9652955 0.956346 ],0,1
Minh Tuáº¥n :) máº¥y con bÃ³ng nch dui vl,[2.8440979e-01 1.2268312e-03 2.6507786e-04],0,2
"Tao tháº¥y nhÃ£m nhÃ­ vÃ£i cá»©c . Quen nhau tot Ä‘áº¹p thÃ¬ khoe máº½ tao Ä‘Ã©o nÃ³i , ct xoÃ¡ áº£nh cÅ©ng lÃªn fb ğŸ˜Œ . RÃªu rao vl",[0.99998355 0.99849725 0.99399275],0,2
Vi lol nÃ y giá»i vl =),[0.00151615 0.32209757 0.01659838],1,0
Tao ghÃ©t cay ghÃ©t Ä‘áº¯ng máº¥y Ä‘á»©a trá»™m chÃ³ vÃ  lÃ m thá»‹t chÃ³,[0.91768587 0.20752215 0.67950827],0,2
Tommy ChÃ¢u va Hien ngang nhu mot con di nua chu . .,[9.9958783e-01 2.5468080e-05 6.1100578e-01],0,1
GhÃ©t con Anh nÃ³i xáº¥u b t vl,[0.4968496  0.0214291  0.00402104],0,2
Kelly Nguyen Ä‘m thuá»‘c tÄƒng cÃ¢n hiá»‡u quáº£ vl,[0.9982551  0.97080785 0.19540277],0,1
ÄÃ£ cháº¥p nháº­n khoÃ¡c lÃªn ngÆ°á»i bá»™ vÃ¡y cÆ°á»›i thÃ¬ nÃªn tÃ´n trá»ng gia Ä‘Ã¬nh 2 bÃªn vÃ  khÃ¡ch má»i . DÃ¹ lÃ  lÃ½ do j thÃ¬ cÅ©ng ko cáº§n pháº£i bÃª nguyÃªn lÃªn máº·t cÃ¡i thÃ¡i Ä‘á»™ Ä‘Ã³ cho bÃ n dÃ¢n thiÃªn háº¡ biáº¿t .,[0.9641805  0.00877093 0.9900885 ],2,0
Linh Tráº§n tá»™i con chÃ³ vl,[0.06481445 0.02239658 0.1171862 ],2,0
"Tháº±ng nÃ y ngÃ¡o , cháº¥t tháº£i gÃ¬ ? Chá»© khÃ´ng pháº£i nhÆ° háº¯n nÃ³i ! Ngu hÆ¡n con bÃ² !",[8.9759851e-01 1.8205288e-03 5.5736030e-04],0,2
Bá» má»‹a tháº±ng order Ä‘á»“ Äƒn :) Vinh Vo <URL> Hiá»‡p . Ã´i Ä‘m . . . . @ áº£nh FB,[0.98799986 0.00689616 0.00136161],0,1
CÃ¡c Ä‘á»“ng dÃ¢m tháº­t vl - ) ) ),[0.99582505 0.03607361 0.21913154],0,1
GhÃª tá»Ÿm vl nháº¿ch nháº¹,[0.9894488  0.8825042  0.41361138],0,1
KhÃ¡c lol j báº£o Cp nhÃ  mÃ y ngu hÆ¡n cáº£ máº¥y tháº±ng dá»Ÿ . Ngá»¥y biá»‡n Ã³c chÃ³ :),[7.0115376e-01 2.3277404e-04 1.8216938e-02],0,2
Dá»‹ vl - . -,[0.7916011  0.22785749 0.09558182],0,1
Kháº£i Kháº£i cáº£m tháº¥y nÃ³i láº¡i tá»¥i cÃ£i cÃ¹n trong nÃ y tá»‘n cÃ´ng vl,[9.6607900e-01 2.1198925e-08 4.6802879e-07],0,2
SÆ° nÆ°á»›c ng ta nhÆ° pháº­t . CÃ²n chÃ¹a bÃªn mÃ¬nh sáº¯p Ä‘á»•i tÃªn thÃ nh cÃ´ng ty rá»“i,[0.9999999  0.22526051 0.5785128 ],0,2
NÃ³i máº¥y chá»‹ Ã½ thá»©c kÃ©m thÃ¬ máº¥y chá»‹ gÃ´ng cá»• lÃªn cÃ£i nÃ³i táº¡i bá»‹ rá»“i tin t kÃªu ngÆ°á»i lÃªn ko :) dume hÃ i vl,[4.1426908e-02 1.6245576e-05 4.7824549e-05],0,1
Bá»n Barca chÃ¡n vl :v,[0.01208747 0.12989904 0.00768302],1,0
"Trang HÃ  uar , cÃ£i nhau máº¯c Ä‘Ã©o gÃ¬ lÃ´i Red Velvet vÃ o ? :) Váº­y giá» tao nÃ³i fan BLACKPINK mÃ  phÃ¡t biá»ƒu ngu thÃ¬ mÃ y chá»­i tao Ã  :)",[8.2376746e-06 7.8230295e-03 3.1528191e-03],1,2
Lá»›p tao Ã©o cÃ³ ai Äá»ƒ t Ä‘á»ƒ Ã½ cáº£ ngoÃ i cÃ´ giÃ¡o chá»§ nhiá»‡m ğŸ‘© â€ ğŸ« ğŸ‘© â€ ğŸ« ğŸ‘© â€ ğŸ« ğŸ‘© â€ ğŸ«,[9.9980778e-01 1.5191394e-03 1.7436984e-04],0,1
Tuyáº¿t Nhi vl . . .,[0.9313798  0.07123548 0.00688607],0,1
ÄÃ¡ ngu chá»© cháº£ cÃ³ cÃ¡i chuyá»‡n l gÃ¬ . Bá»±c vl,[0.97170615 0.72401947 0.3313299 ],0,2
Con CÆ°ng pháº­n lÃ m fan cá»©ng mÃ  Ä‘i copy dkm tao cho m bay fb nhÃ©,[9.9970585e-01 7.7049492e-07 2.4503441e-05],0,2
Lá»— Ä‘ * t hÃºt cá» siÃªu nhÃ¢n Ä‘á»,[2.7805711e-06 3.3668664e-07 3.3924588e-09],0,1
"NÃ³ del thÃ­ch m , nÃªn nÃ³ giáº£ vá» kb Ä‘áº¥y , . M má»›i ngu hÆ¡n chÃ³ ğŸ• ğŸ• ğŸ•",[7.3438954e-01 6.2081963e-03 2.7492689e-04],0,2
"Quoc Nguyen <URL> Su . Chá»“ng em trÆ°á»›c khi cÆ°á»›i anh áº¥y Ä‘Ã£ há»©a sáº½ cho em cuá»™c sá»‘ng Ä‘áº¹p nhÆ° trong phim . . MÃ  lÃºc Ä‘áº¥y em quÃªn há»i , Ä‘Ã³ lÃ  thá»ƒ loáº¡i phim gÃ¬ . Äáº¿n khi láº¥y nhau vá» anh áº¥y má»›i cho em biáº¿t Ä‘Ã³ lÃ  "" "" Phim VÃµ Thuáº­t "" "" ğŸ¤£ ğŸ¤£ . Dinh Khanh",[0.47365808 0.10321892 0.81853867],2,0
Tháº¥t báº¡i vl :),[9.2119217e-01 3.0228327e-04 3.1236475e-06],0,1
May con cho d like hinh tao ve tao dap cm ğŸ¥º <URL>,[0.9822442  0.14072642 0.09588071],0,1
Máº·t tháº±ng ná»› nhÃ¬n nham hiá»ƒm vl :v,[3.8143545e-01 4.4734108e-05 2.2542817e-04],0,1
"Thá»§y ÄÃ m Ä‘Ã¢y lÃ  tháº±ng hÆ°ng Ä‘ nÃ o áº¥y , ngu vc",[0.5380684  0.26175225 0.79484344],2,1
Con phÃ² nÃ y cmt nhanh vl,[0.39725643 0.05753702 0.00833703],0,2
Mai Ã´ng Ä‘i mÃ  bÃ¡n ngu hÆ¡n chÃ³,[0.28018144 0.09915487 0.11479768],0,2
ÄÃ³ . Tháº¥y chÆ°a bnay Ä‘á»«ng ai chÃª tui bÃ©o nha tui buá»“n láº¯m Ã¢ <URL>,[0.957658   0.01028677 0.00218323],0,2
cÃ³ cl . nÃ³ láº¥y ck tá»‰ phÃº thÃ¬ m biáº¿t Ä‘áº¥t cáº¡nh nhÃ  nÃ³ nhÆ° tháº¿ nÃ o rá»“i chá»© . ngu lol,[0.00876987 0.00174547 0.00279917],0,2
"NÃ³ hok Ä‘á»ƒ tao yÃªn , thi cá»­ tá»›i rá»“i máº¥y mÃ¡ Æ¡i tha cho con , qua thi rá»“i chÃ©m giáº¿t nhau cÅ©ng Ä‘Æ°á»£c . Má»‡t láº¯m rá»“i Ä‘m kiÃªms tiá»n k lo tá»‘i ngÃ y lo Kiáº¿m chuyá»‡n vá»›i tao :) rá»“i lÃ m Ä‘Æ°á»£c cÃ¡i cá»§ lon gÃ¬ tao hjhj <URL>",[0.15049192 0.00044045 0.07117205],0,2
"CÃ³ nhiá»u báº¡n tháº­t láº¡ lÃ¹ng , cá»© ngá»“i chÃª bai nghá» ngÆ°á»i khÃ¡c lÃ m . . . rá»“i máº·c Ä‘á»‹nh mÃ¬nh lÃ  dÃ¢n cao cáº¥p ! . Kiáº¿m tiá»n chÃ­nh Ä‘Ã¡ng thÃ¬ lÃ m gÃ¬ pháº£i xáº¥u há»• , nhÃ  báº¡n giÃ u thÃ¬ báº¡n hÆ°á»Ÿng nÃ³ Ä‘i , mÃ  tháº­m chÃ­ nÃ³ cÅ©ng lÃ  cá»§a bá»‘ máº¹ báº¡n lÃ m nÃªn , cÃ³ pháº£i báº¡n lÃ m ra Ä‘Ã¢u ! ! ! MÃ  nÃ³i tháº­t , chÆ°a cháº¯c Ä‘Ã³ lÃ  tÃ i sáº£n lÆ°Æ¡ng thiá»‡n ná»¯a kÃ¬a ! ! ! Tháº¿ báº¡n tá»± hÃ o vá» cÃ¡i gÃ¬ ? ! . Muá»‘n chÃª bai theo kiá»ƒu máº¹ thiÃªn háº¡ thÃ¬ Ã­t nháº¥t báº¡n cÅ©ng Ä‘áº» ra Ä‘Æ°á»£c thiÃªn háº¡ nha ! . Nhiá»u báº¡n hay chÃª mÃ  Ä‘Ã©o bao giá» nhÃ¬n láº¡i mÃ¬nh , haiz , nhÃ¬n cá»© y nhÆ° nhá»¯ng bá»™ pháº­n sinh dá»¥c biáº¿t nÃ³i ! . Em ghÃ©t nháº¥t lÃ  thÃ³i xem thÆ°á»ng ngÆ°á»i khÃ¡c mÃ  Ã©o biáº¿t mÃ¬nh cháº³ng hÆ¡n ai ! ! ! ! <URL>",[0.99998534 0.12542781 0.02156722],0,1
Thá»‹t GÃ  Luá»™c Ä‘Ã©o nhÃ© . . . anh Ä‘Ã¢y men,[0.01010667 0.94050884 0.9608868 ],2,0
Mc chá»‰ biáº¿t dÃ¢u trong long mÃ  cháº³ng thá»ƒ nÃ³i ra ! ! . Cá»© ngu ngu Ä‘áº§n Ä‘áº§n nz thÃ´i <URL>,[0.00876592 0.14342184 0.06048293],1,0
Äá»‹t máº¹ cÃ¡i thá»© Ä‘ang cháº¡y mÃ  nÃ© vÅ©ng nc hoáº·c cÃ¡i gÃ¬ Ä‘Ã³ ko Ä‘Ã¡ng lÃ  tui Ä‘á»©ng tim máº¥y láº§n vá»›i máº¥y cha máº¥y máº¹ xe mÃ¡y . cá»© sá»£ dÆ¡ xe mÃ  lÃ m khá»• ngÆ°á»i khÃ¡c . . . . chia buá»“n cÃ¹ng bÃ¡c tx vÃ¬ gáº·p tháº±ng cá»‘t chÃ³,[9.9967921e-01 1.7761365e-04 1.0213469e-02],0,1
BÃº fame lá»‘ vcl,[0.96015686 0.5029902  0.37280205],0,2
Váº«n Ä‘ Ä‘c chÃ¡n vl,[0.90299064 0.8505702  0.4785393 ],0,1
"Con máº·t heo suá»‘t ngÃ y quan ngáº¡i , quan tui bÃ¢y ngáº¡i , chá»© dÃ¢n tá»¥i tao Ã©o ngáº¡i Ä‘Ã¢u",[0.45982593 0.02178228 0.01391099],0,2
TÃ´ Kim Tháº£o m chet me m Ã ,[0.94965667 0.00609606 0.00238387],0,2
Page Æ¡i lÃ  page . Vá»› váº©m vl,[0.35174963 0.04449706 0.00628224],0,1
Dell cÃ³ cr Ä‘á»ƒ mÃ  áº¥n tÆ°á»£ng :),[2.2678681e-01 1.5959532e-03 6.7371773e-05],0,1
ÄoÃ n Háº£i SÃ¢m Ä‘m xem clip nhÃ­ vl :),[0.986945   0.5422641  0.00392592],0,1
"BÃ¡n vui vui cÃ³ máº¥y con á»‘c mÃ  máº¥y anh khÃ³ khÄƒn quÃ¡ ğŸ™‚ . Admin cháº¯c ghen Äƒn tá»©c á»Ÿ , cÃ³ sai pháº¡m gÃ¬ thÃ¬ cmt vÃ´ bÃ¡o cÃ¡o Ä‘á»ƒ rÃºt kinh nghiá»‡m , Ä‘áº±ng nÃ y Ã¢m tháº§m táº¯t cmt , xoÃ¡ bÃ i . Äm mÃ y admin <URL> Photos from Huá»³nh Táº¥n Äá»©c ' s post",[9.8387074e-01 1.4228065e-01 4.4221594e-04],0,2
TÆ° báº£n phÆ°Æ¡ng TÃ¢y kháº¯t khe vá»›i dÃ¢n . ná»•i tiáº¿ng khÃ´ng tha . . . ğŸ‡» ğŸ‡³ ğŸ‡» ğŸ‡³ . tau vÃ¬ thÆ°Æ¡ng dÃ¢n . . Ä‘Ã©o pháº¡t,[1.2361714e-02 2.1173514e-07 4.9798400e-06],0,1
Má»‹a . CÃ¡i to máº¥t t mÃ©o tiáº¿c . MÃ  cÃ¡i nhá» nhá» chÃºng mÃ y nháº·t cá»§a t lÃ  t nguyá»n rá»§a chÃºng mÃ y . . Äá»©a nÃ o láº¥y khÃ´n há»“n Ä‘em vá» chá»— cÅ© cho t . Ko thÃ¬ t bÃ¹a cáº£ nhÃ  m Ä‘áº¥y <URL>,[0.9473719  0.0616738  0.80936784],0,2
Ä‘ m fan cá»©ng cmt chÃ³i vl :),[0.92792284 0.23250648 0.1352619 ],0,2
du mÃ¡ . tÃ i cao vl,[0.38373864 0.06176012 0.01532537],0,1
Chá»‰ cáº§n bá»‘ mÃ y qua Ä‘Æ°á»£c khoáº£n thá»i gian nÃ y thÃ´i thÃ¬ Ä‘á»‹t máº¹ mÃ y Äá»i áº¡ mÃ y tuá»•i lol ? ? ?,[0.19939741 0.00790758 0.6320437 ],2,1
Pháº¡m VÆ°Æ¡ng Linh ná»¯a xuá»‘ng DiÃªm VÆ°Æ¡ng á»•ng Ä‘Ã©o sai Ä‘áº§u máº¥y tháº±ng trÃ¢u máº·t ngá»±a or quáº£n ngá»¥c giá»¯ m . VÃ¬ ngá»¥c hÆ¡n ngá»¥c . LOL,[1.49756495e-03 1.04563114e-07 4.20714878e-06],0,1
Tuan Anh ThÃ´i cc li do vl .,[0.07894216 0.00160415 0.20432992],2,1
Tá»‡ vl =),[4.0071767e-02 2.2925454e-04 2.7463468e-05],0,1
Ä‘m true vl :) \,[0.9962476  0.9757119  0.12218016],0,1
cc . khá»• vl,[0.35708645 0.4589441  0.3201342 ],1,0
Fan chel Ä‘Ã¢y cÅ©ng ghÃ©t barca vl :),[0.09330913 0.09754284 0.0084272 ],1,0
Äm ! KÃ¨o lÃ m con cáº·c gÃ¬ . Cá»¡ 4tr cÃ³ cÃ¡i lá»“n mÃ  ultral Ä‘m . ÄÃ£ ngu láº¡i thÃ­ch nguy hiá»ƒm Ä‘m . . Cá»© vÃ o game chÆ¡i combat lÃ  biáº¿t ngay . Äm cá»© vÃ o game xong nÃºp thÃ¬ Ä‘m Ä‘áº¿n 98 % Ä‘Ã©o drop ná»¯a lÃ  . . ChÆ¡i game lÃ  pháº£i combat cÃ²n mÃ  Ä‘Ã©o chÆ¡i Ä‘c thÃ¬ Ã³c bÃ² rá»“i Ä‘m ngu,[2.3025143e-05 1.7632205e-03 3.3810962e-04],1,2
Lol ad ngu nhÆ° chÃ³ . LÃ  tháº±ng lol ad ngu nhÆ° chÃ³,[0.89136523 0.01257528 0.2023104 ],0,2
Pháº¡m Quang Anh lag vl :v,[7.1879059e-01 4.0239681e-04 3.0335776e-05],0,1
"HÃ  Giang TIN Máº¤Y CÃI ÄÆ¯A LÃŠN NHáº¢M NHÃ , AI Uá»NG HAY KHÃ”NG CHáº²NG QUAN TRá»ŒNG , HÃƒNG Sá»®A NÃ“ CÅ¨NG KHÃ”NG Máº¤T Má»˜T XU , NÃ“ BÃN CHO NHá»®NG NGÆ¯á»œI Uá»NG THIá»†T Sá»®A THIá»†T VÃ€ NGÆ¯á»œI THIá»†T , Bá»ŒN NGU NGá»¤C , TRUNG Cáº¨U GIáº¢ Máº O PHÃ Rá»I THÃŒ Cá»¨ BÃN Cá»¨ Uá»NG NGU THÃŒ CHáº¾T . . .",[0.999602   0.09469303 0.0032515 ],0,2
KhÃ´ng Ä‘áº¹p trai khÃ´ng cÃ³ tiá»n lÃ m Ä‘Ã©o gÃ¬ cÃ³ yÃªu thÆ°Æ¡ng <URL>,[0.0678526  0.00131061 0.00024084],0,1
Kiá»u MÃ¢y cáº·c . Äáº¹p vl,[0.98647934 0.0227533  0.00451013],0,1
Loan Bá»‘ng Ä‘á»¥ mÃ© :v,[0.91668034 0.5327962  0.5780385 ],0,1
ngu quÃ¡ thÃ nh quÃ¡ ngu . ngu ngu ngu,[0.62037385 0.9321441  0.9628849 ],2,1
MÃ´i dáº§y Ä‘áº¹p vl =),[9.9921763e-01 4.0465435e-03 9.0968620e-05],0,1
vcl manacanh :),[0.8443839  0.16529097 0.08031359],0,1
Äá»¥ xanh chÆ¡i kÃ¬ vl :),[0.5461972  0.06934848 0.00167497],0,1
"Good job ! LÃª Trung Hiáº¿u <URL> Huynh . KIáº¾P TRá»˜M CHÃ“ . LÃ m nhÃ¡y cÃ´ng khÃ´ng Ä‘Æ°á»£c bao nhiÃªu nÃªn anh em rá»§ nhau Ä‘i trá»™m chÃ³ :( . NhÆ°ng Ä‘en quÃ¡ . : "" "" KhÃ´ng sá»£ káº» Ä‘á»‹ch máº¡nh chá»‰ sá»£ Ä‘á»“ng Ä‘á»™i ngu nhÆ° bÃ² . "" "" . - - - - - - - - - - - - - - - - - - - - - - - - - - - - - - - - - - - - - - - - - - - - - - - - - - - - - - - - - - - - - - - . Ã tÆ°á»Ÿng : Äáº¡t ThÃ nh . Mod : ThÃ nh Äáº¡t - Háº£i Anh : Trá»™m ChÃ³ . Nguyá»…n XuÃ¢n Trung : Anh chá»§ nhÃ  áº¾ vá»£ . ChÃ³ con : ChÃ³ . Foto : HÆ°ng Katj - Huynh Anh",[0.00482505 0.03805451 0.01521435],1,0
Bá»‘ mÃ y bÃµ ghÃ©t vl,[0.13658145 0.39728862 0.06944779],1,0
minh deo co ai cry vl song loi vl,[0.96904    0.0123715  0.00708615],0,2
TÃªn Ä‘áº¡t dáº¡o nÃ y ná»•i vl,[0.88555616 0.19277288 0.13655576],0,1
Ä . m giá»‘ng ngÆ°á»i con xa xá»© G4 vl,[0.75898385 0.04548781 0.00448626],0,1
BÃ¡n thÃªm xÃ¬ ke hoáº·c lÃ m Ä‘á»‰ Ä‘á»±c ban Ä‘Ãªm nha,[9.6857005e-01 4.0302653e-05 7.3252821e-05],0,1
Ã€ k do m ngu áº©u vl,[0.23746745 0.06865306 0.05219926],0,1
Tráº§n Sang cl nÃ¨ sang,[9.128926e-02 5.025684e-06 5.191841e-06],0,2
Ngá»©a cu vl ğŸ™ƒ ğŸ™ƒ ğŸ™ƒ,[0.8727877  0.28405592 0.13775681],0,1
sá»‘t cmnr . má»‡t vkl Nguyá»…n Máº¡nh Jinx is feeling sick .,[0.9999734  0.6997415  0.32175103],0,1
quáº£ Ä‘áº§u kháº¥c cháº¥t vl !,[0.9661469  0.28480932 0.01814212],0,1
Tá»± hÃ o chÃ¢u Ã¡ . . nghe ngá»©a dÃ¡i vl,[2.1931913e-01 7.6532000e-05 4.3141976e-02],0,2
NÃ³ cháº£nh vl :),[0.94536465 0.10103874 0.00602643],0,1
Duy Thuáº­n :) cáº£m tháº¥y quÃª vl,[0.9998441  0.00278301 0.00308582],0,1
Ä nÃ³i nhiá»u cÆ¡ mÃ  c trÃ¢u nÃ y bÃ©o vl,[0.6501075  0.00195061 0.00119309],0,1
VÅ© VÄƒn Tiáº¿n Ä‘Ã©o pháº£i lÃ  ngu ms há»i mÃ  há»i viáº¿t bÃ i ngu,[0.00193669 0.06247011 0.15447013],2,1
PhÃªrÃ´ LÃª Phi HÃ¹ng ngoáº¡i giao ráº¥t quan trá»ng dell pai nhÆ° nhá»¯ng tháº±ng dÃ¢n ngu nc,[0.29017276 0.00175565 0.73736954],2,1
"Ex trá»™m chÃ³ ae nÃ o ko trá»™m bÃ¡n ex Ä‘i BÃ¹i ToÃ n <URL> Huynh . KIáº¾P TRá»˜M CHÃ“ . LÃ m nhÃ¡y cÃ´ng khÃ´ng Ä‘Æ°á»£c bao nhiÃªu nÃªn anh em rá»§ nhau Ä‘i trá»™m chÃ³ :( . NhÆ°ng Ä‘en quÃ¡ . : "" "" KhÃ´ng sá»£ káº» Ä‘á»‹ch máº¡nh chá»‰ sá»£ Ä‘á»“ng Ä‘á»™i ngu nhÆ° bÃ² . "" "" . - - - - - - - - - - - - - - - - - - - - - - - - - - - - - - - - - - - - - - - - - - - - - - - - - - - - - - - - - - - - - - - . Ã tÆ°á»Ÿng : Äáº¡t ThÃ nh . Mod : ThÃ nh Äáº¡t - Háº£i Anh : Trá»™m ChÃ³ . Nguyá»…n XuÃ¢n Trung : Anh chá»§ nhÃ  áº¾ vá»£ . ChÃ³ con : ChÃ³ . Foto : HÆ°ng Katj - Huynh Anh",[0.99952555 0.43223995 0.6257494 ],0,2
HÃ¹ng VÆ°Æ¡ng Ä‘uá»c nha . vÃ´ Ä‘i báº¡n,[0.41950557 0.6294073  0.13754417],1,0
Tay ad báº©n vl,[0.04818814 0.52976567 0.96712387],2,0
PÃ© Nhi záº­y lÃ  m xÃ¬ hÆ¡i rá»“i Ä‘á»• thá»«a háº£ m ? Zu khá»‘ng háº£ m,[9.5946115e-01 1.8919150e-07 8.5225764e-07],0,1
"GÃ³c tÃ¬m chÃ³ : bÃ©c nhá» nhÆ° trong hÃ¬nh cá»§a bÃ  thuáº­n . Ai tháº¥y nÃ³ Ä‘i láº¡c á»Ÿ Ä‘Ã¢u Ä‘uá»•i vá» cho bÃ  tÃ­ , cÃ´ng bÃ  nuÃ´i bá»¯a giá» báº¯t Ä‘i tá»™i cáº£ chÃ³ cáº£ thÆ°Æ¡ng bÃ  . <URL>",[0.3114223  0.03532254 0.7652843 ],2,0
BÃ© Em vl lÃªn dc fan cá»©ng sáº½ nhÃ¡c cmt kkk,[0.99930596 0.07714954 0.07819842],0,1
Hiá»ƒn nhiÃªn vl :),[0.4680165  0.09504025 0.03405052],0,1
Chá»‹ch á»‰a chá»‹ch Äƒn :) kinh khá»§ng vl,[0.18083197 0.26447925 0.3298164 ],2,1
Lá»‹t máº¹ máº¥t máº·t vl,[0.6975594  0.15806647 0.13935263],0,1
Ä‘Ãºng lÃ  vl tao Ä‘Ã¡ luÃ´n vÃ o má»“m tháº±ng Ä‘Ã³ ngu ko biáº¿t Ä‘á»‘i nhan xá»­ tháº¿ ngu nhu chÃ³,[0.04036675 0.00400722 0.02239092],0,2
Ähs mk kh cÃ³ cÃº vl,[0.99971205 0.5370836  0.00247209],0,1
PhÃ¢n tÃ­ch dÃ i vl xÃºc tÃ­ch má»—i tá»™i ngu vl,[0.9981029  0.22498392 0.30594972],0,2
ChiÃªu 1 xáº¥u vl,[0.38467267 0.00983602 0.00300037],0,1
"Vu Nguyen :) cÃ²n nhiá»u group láº¯m a , táº¡i con acc cháº¡y group bá»‹ khÃ³a mÃµm máº¥y ngÃ y nÃªn thÃ´i dÃ¹ng fb tháº­t share táº¡m",[0.03125894 0.00358121 0.00065996],0,2
TrÆ°á»ng nÃ y quÃ¡ vÃ´ tÃ¢m . VÃ´ trÃ¡ch nhiá»‡m sao ko sá»­a chá»¯a láº¡i Ä‘á»ƒ nhÆ° váº­y . ? Láº½ ra rÆ¡i Ä‘Ãºng vÃ o Ã´ng hiá»‡u trÆ°á»Ÿng chá»© sao láº¡i rÆ¡i vÃ´ Ä‘á»©a tráº» . Nam mÃ´ a di Ä‘Ã  pháº­t,[0.9794279  0.10084211 0.22995718],0,2
"Ä‚n nÃ³i nhÆ° tháº±ng Ä‘iÃªn chá»© k pháº£i con ngÆ°á»i bt , nguyÃªn Ä‘á»“ng lÆ°Æ¡ng chÃ­nh cá»§a Ã´ng cÃ³ giáº§u Ä‘c k háº£ mÃ  chÃª ngÆ°á»i nghÃ¨o .",[0.34274122 0.01025243 0.00493013],0,2
Dmm ngu vl :),[0.7155292  0.08676274 0.06528138],0,1
"Le Tung Le Ã³c chÃ³ nÃ³ Ä‘Ã£ khÃ´ng hÃºt mÃ¡u dÃ¢n , chá»­i nÃ³ Ã³c chÃ³ nÃ³ láº¡i Ä‘á»• lá»—i táº¡i dÃ¢n báº§u Ã³c chÃ³ lÃ m lÃ£nh Ä‘áº¡o Ä‘áº¥y . . . ha ha chÃ³ mÃ¡ nhÆ°ng khÃ´ng pháº£i Ã³c chÃ³",[0.85675544 0.70931304 0.7150212 ],0,2
:) m ngu vl,[0.64230967 0.15673555 0.02001977],0,2
Äá»¥ ad sáº½ thÃ nh fan cá»©ng,[0.32972324 0.0675595  0.04395752],0,1
Ämn váº­y giÃ¡ tiá»n tá»‡ vn cÃ³ báº±ng ngta cc Ä‘Ã¢u máº¥y tháº±ng Ã³c cáº·c khÃ´n vkl,[8.4107931e-05 9.3775545e-04 6.2895450e-04],1,2
Triá»‡u . T Há»“ng Ä‘cm giá»‘ng Ä‘áº­u phá»¥ vl :),[8.9757264e-01 1.3052770e-01 4.9412093e-04],0,1
ThÃ¡i DÆ°Æ¡ng chá»­i nhau xong tao cÃ²n Ä‘áº» dc 1 tháº±ng khÃ´n hÆ¡n mÃ y Ä‘áº¥y,[0.9306403  0.01526546 0.0176735 ],0,2
"NguyÃªn Tráº§n Ã¨ooo , nguyÃªn gu láº¡ vl Ã¨ooo",[0.99998593 0.7936097  0.51880205],0,1
Bá»‘ nÃ³ mÃ  Ä‘áº¥m trÆ°á»£t phÃ¡t nÃ o thÃ¬ tao Ä‘Ã©o tin,[0.02385879 0.6710545  0.30063853],1,2
ChÆ¡i chÃ³ vl Vuu Bich Báº£o DuyÃªn,[0.01541977 0.00774111 0.0018367 ],0,1
Nguyá»…n Quy huyáº¿t tÆ°Æ¡ng lÃ  gÃ¬ biáº¿t k báº¡n ? Ngu vc,[7.7804524e-01 1.9122243e-04 4.3287370e-03],0,2
Máº¥t máº·t vl :),[0.9996791  0.9840867  0.76605934],0,1
Tr Ä‘umÃ¡ ghÃª gá»›m vl,[2.0883295e-01 2.2175287e-07 7.9458490e-10],0,1
T nÃ³i tháº­t Ä‘Ã©o sá»£ choai choai sá»£ máº¥y con chÃ³ chá»— tao thÃ´i,[2.2501906e-04 9.6860236e-01 9.7755152e-01],2,1
Muá»‘n lÃ m gÃ¬ cÅ©ng bÃ n tá»›i bÃ n lui . . . R Ä‘m dell ai tÃ¡n thÃ nh . T cÅ©ng pháº£i sá»‘ng cho t mÃ  . Má»‡t má»i láº¯m rá»“i nha Há»“ng Huá»‡ is feeling drained .,[0.00017208 0.00036127 0.09282949],2,1
Ká»³ Nguyá»…n Cao tin ngÆ°á»i vl,[0.98561007 0.7319721  0.84085876],0,1
Buá»“n lol tao Ä‘Ã©o buá»“n nhÃ©,[0.00069006 0.02273577 0.02701531],2,1
Ngu hÆ¡n bÃ² mÃ  ra váº» khÃ´n . . . nghÃ¨o khÃ´ng pháº¥n Ä‘áº¥u lÃ m giÃ u mÃ  ra váº» ta Ä‘Ã¢y giÃ u cÃ³ . . . . Ä‘i nháº¹ nhÃ ng vÃ  Ä‘Æ°a tiá»n nuÃ´i gÃ¡i cÃ²n vá» nhÃ  thÃ¬ cáº¯n xÃ© vá»£ con . . . ngu xuáº©n,[0.57465345 0.00914566 0.11646228],0,2
Ngá»c Huyá»n Ä‘ bh tháº¥y mang Ä‘áº·c sáº£n lÃªn,[0.8796736  0.01513418 0.00885169],0,1
Ui rá»“i nÃ³ chá»‰ chá»­i sÆ°á»›ng má»“m nÃ³ kon Ä‘Ã¢u ká»‡,[0.12136392 0.10583421 0.08035247],0,1
Há»“ng Ngá»c dm hÃ£ng nÃ y cháº¯c Ä‘au Ä‘áº§u vl,[0.9297665  0.01537058 0.38139334],0,1
Ngu ngá»‘c vl Ä‘Ã£ xáº¥u tÃ­nh cá»c vl,[0.91919285 0.02934667 0.10314265],0,1
SÆ¡n LÃª VÄƒn máº¹ . . . ngon thÃ¬ cáº§n chÃ³ gÃ¬ lÃ m dÆ°a lÃ m giÃ¡ . . . chÃºng nÃ³ Ä‘ang cá»¥i Ä‘áº¥y . . . Bá» cháº¡y 2 láº§n rá»“i mÃ  . . . ! Tháº­t cháº£ ngu nÃ o giá»‘ng ngu nÃ o .,[9.4878376e-01 7.7881428e-05 2.4951168e-04],0,2
Máº¥y cÃ¡i bÃ¡o nháº£m giá» t láº¥y áº£nh á»Ÿ chá»— khÃ¡c cÃ³ cÃ¡ máº­p song t cx Ä‘Äƒng tháº¿ bay cx share r chá»­i há» ak ngu vcl,[0.9753609  0.04629949 0.06318931],0,1
VÄ© Khang Ä‘á»‡ck . . Hay vl zá»‹ . . =),[0.14176235 0.06638358 0.01931547],0,1
Jung Ngá»c nháº¡t vl :),[0.59478414 0.12266113 0.13696977],0,1
Gá»i TÃªn Nhau mÃ y má»›i lÃ  tháº±ng ( con ) ngu hÆ¡n con bÃ²,[0.05865106 0.0214259  0.02940137],0,2
Nguyá»…n ThÃ¹y Dung Ã´i Ä‘me giá»‘ng iem vl =),[0.07248201 0.030498   0.00019041],0,1
"Vá»¤ PHá»T THáº¾ Ká»¶ Pháº¡m Ngá»c HÆ°ng shared a post . <URL> Máº¡nh . CÃ³ má»™t loáº¡i ngÆ°á»i khÃ´ng biáº¿t nhá»¥c lÃ  gÃ¬ cÃ³ Ä‘á»™c 30k thÃ´i lá»£ tá»« nÄƒm ngoÃ¡i Ä‘áº¿n giá» , mÃ  Ä‘Ã²i nÃ³ nÃ³ cÃ²n kiá»ƒu ThÃ¡i Ä‘á»™ khÃ´ng cháº£ tá»« sau ChÃ¡nh máº·t tao gia tao bá»‘ thÃ­ cho mÃ y dá»¯ Ä‘áº¥y mÃ  lÃ m giÃ u",[9.9971598e-01 8.0987484e-05 1.7639592e-03],0,2
Ämm ct phiÃªn báº£n cá»¥c sÃºc vl,[0.9886995  0.5758693  0.17622156],0,1
ChuyÃªn gia LÄ©nh phÃ¡n ! QuÃªn cmnÄ‘i ! ! ! ChÃ¡u gia cÃ¡t dá»± Ä‘Ã¢y rá»“i ! ! !,[0.9979195  0.03458061 0.33979398],0,1
Äá»©c Máº¡nh ' x nghÃ¨o cl mÃ  nghÃ¨o con nhÃ  Ä‘áº¡i gia lÃºc lol nÃ o cx kÃªu nghÃ¨o,[7.3651665e-01 1.7540339e-04 1.4012559e-04],0,2
Má»™t cÃ¢u chuyá»‡n ráº¥t cáº£m Ä‘á»™ng máº·c dáº§u vÃ´ cÃ¹ng xaolon,[0.95851237 0.0911428  0.77133036],0,1
Rá»—i láº¡i vá»¡ má»“m con chÃ³ . Ngu ngá»‘c,[0.52025414 0.13930674 0.07699523],0,1
Cmt nhiá»u vl ra,[0.8227644  0.04155518 0.00185926],0,1
ÄÃ©o hiá»ƒu thÃ­ch Ã´ng nÃ y quáº£ng cÃ¡o vl ra . hÃ i vl,[0.01510186 0.9896633  0.8573925 ],1,0
"Äá»¥ mÃ¡ tháº¥p vl 9 , 25 Ã  ğŸ˜”",[2.9380690e-05 4.0410563e-02 7.8011915e-04],1,0
SÆ¡n Tráº§n game khÃ³ vl,[0.82030684 0.15502656 0.05636   ],0,1
Nguyá»…n Thá» Ars tháº¿ cÃ¡i máº·t chÃ³ m k há»c lcs Ã  bÃªu trÆ°á»ng Ã  tháº±ng ngu ğŸ˜´,[0.13897058 0.21240899 0.6426133 ],2,1
Thu Hiá»n <URL> Run Your Life . nhÃ¬n máº·t tá»™i vl = ) ) ),[0.704694   0.0014385  0.00145267],0,1
lá»«a Ä‘c mÃ¬nh xong cháº·n cmnl . bá»‘ theo chÃºng mÃ y . thÃ´ng bÃ¡o cho mn biáº¿t háº¿t lá»«a luÃ´n <URL> ÄÃ£ cÃ³ 1938193 khÃ¡ch hÃ ng . KhÃ¡ch Ä‘Ã£ tin tÆ°á»Ÿng sá»­ dá»¥ng SIM,[4.5236096e-02 7.9443851e-07 1.5158507e-05],0,1
Nhá»› khÃºc nay mai thi rá»“i tá»‘i váº«n xÃ¡ch Ä‘Ã­t di choi kkk,[0.7150532  0.6501583  0.17487574],0,1
nÃªn biÃªt thÃ¢n biáº¿t pháº­n xÃ­u Ä‘i Ä‘á»“ chossss,[9.5700037e-01 2.8416596e-05 1.2331225e-04],0,1
"Huá»³nh Äáº¡t a khÃ´ng há» nha , chá»‰ cÃ² bi Ä‘uÃ´i bá» nhÃ  Ä‘i , Äƒn cáº¯p cÃ¡i Ä‘áº§u Ä‘Ä©a Ä‘em bÃ¡n , viáº¿t thÆ° xin lá»•i Ã´ng giÃ  nÃ³ ak kkk",[0.9999994  0.5040774  0.03697906],0,2
Láº¡ lÃ¹ng vcl :),[0.07056976 0.00485015 0.00210251],0,1
Ocschos . . . : V,[0.98148614 0.83255625 0.49861446],0,1
"Táº¡i sao cháº¿ Ä‘á»™ váº«n cÃ²n Ä‘á»ƒ bá»n khá»‘n náº¡n nÃ y , cháº¿ Ä‘á»™ Ä‘á»™c tÃ i Tá»•ng BÃ³ng <URL> H - Tuáº¥n . Bá»™ Y Táº¿ chuáº©n bá»‹ ban hÃ nh quy Ä‘á»‹nh ! Thu phÃ­ ngÆ°á»i thÄƒm nuÃ´i bá»‡nh nhÃ¢n , Ä‘Ã¢y lÃ  lÃ  káº¿ hoáº¡ch chÃ¢n ( thá»© 3 ) cá»§a bÃ  ta lÃ  thu phÃ­ cÃ³ Ä‘Ãºng khÃ´ng váº­y ace . . ?",[0.99001324 0.93643874 0.43973276],0,2
Chá»‰ xem chÃ¹a cÅ©ng lÃªn Ä‘c fan cá»­ng . Easy vl .,[0.14748679 0.5216716  0.3957089 ],1,0
Xáº¥u ngÆ°á»i xáº¥u ca náº¿t . NhÃ¬n lÃ  chá»‰ muá»‘n cáº¯n ngÆ°á»i khÃ¡c . SÆ° chÃ³,[0.4394432  0.07096868 0.12159016],0,2
Tráº§n Huy Luáº­n :) Ä‘m má»‡t vl,[0.9237174  0.22377308 0.04655363],0,1
Tháº¿ khÃ´ng tha thÃ¬ láº¡i báº£o xáº¥u nhÆ° chÃ³,[0.44495177 0.01673106 0.07627301],0,1
CÃ¡i Ä‘m Ã¡m áº£nh vl,[0.56113833 0.05059381 0.04038628],0,1
"Ha Phat iPhone , Vertu , tiá»n lÃ m máº¥y cá»c trong tÃºi , xe con xá»‹n , ra ngoÃ i uá»‘ng bia Äƒn thá»‹t chuyá»‡n bt , nhiá»u tháº§y chÆ¡i trá»™i hÆ¡n thá»­ mÃ¹i Ä‘Ã n bÃ  ntn",[0.31792665 0.00108291 0.11299313],0,1
Äm thÃ´ nhÆ°ng tháº­t vl,[0.55262566 0.9494732  0.991295  ],2,1
